time,symbol,open,close,high,low,volume,category
2023-08-28,LSL,142.74,146.62,150.42,142.41,402504,stock
2023-08-29,LSL,148.24,145.49,148.24,144.92,67426,stock
2023-08-30,LSL,145.33,149.69,150.99,145.33,164989,stock
2023-09-03,LSL,152.53,149.69,152.53,147.43,109626,stock
2023-09-04,LSL,149.61,149.13,149.78,147.35,106927,stock
2023-09-05,LSL,148.08,151.56,151.56,146.46,109337,stock
2023-09-07,LSL,148.89,148.89,151.31,147.51,50946,stock
2023-09-10,LSL,147.43,150.18,151.23,147.43,77644,stock
2023-09-11,LSL,150.91,152.36,153.74,148.4,120957,stock
2023-09-12,LSL,152.12,157.62,157.62,150.26,86438,stock
2023-09-13,LSL,154.55,156.17,157.3,153.9,185280,stock
2023-09-17,LSL,159.24,152.12,159.24,149.69,119719,stock
2023-09-18,LSL,149.21,150.34,151.31,148.08,15843,stock
2023-09-19,LSL,150.5,151.96,153.74,148.97,48520,stock
2023-09-21,LSL,152.93,153.74,156.17,152.12,188333,stock
2023-09-24,LSL,156.73,156.17,157.62,152.28,114561,stock
2023-09-25,LSL,157.95,153.09,157.95,152.12,65925,stock
2023-09-26,LSL,153.74,152.53,155.12,150.91,89724,stock
2023-09-27,LSL,154.55,153.66,155.36,150.5,81053,stock
2023-10-01,LSL,153.74,150.34,153.74,148.48,62912,stock
2023-10-02,LSL,149.69,151.39,152.93,148.56,63673,stock
2023-10-03,LSL,148.89,150.58,151.31,148.89,30862,stock
2023-10-04,LSL,149.69,151.23,152.04,149.69,41074,stock
2023-10-05,LSL,150.58,149.69,151.64,149.53,76657,stock
2023-10-08,LSL,148.89,146.54,150.5,146.54,76174,stock
2023-10-09,LSL,145.81,147.27,152.36,145.81,43796,stock
2023-10-10,LSL,145.73,145.65,147.27,145.65,46954,stock
2023-10-11,LSL,146.46,147.27,147.91,145.97,42517,stock
2023-10-12,LSL,146.46,147.02,148.48,146.05,73275,stock
2023-10-16,LSL,145.73,145.49,146.46,144.84,34974,stock
2023-10-17,LSL,145.65,146.46,147.27,144.84,21047,stock
2023-10-18,LSL,147.27,149.29,152.12,146.13,15818,stock
2023-10-19,LSL,150.5,148.08,151.31,146.38,13356,stock
2023-10-29,LSL,147.27,147.27,147.27,145.0,24680,stock
2023-10-30,LSL,144.84,146.78,148.0,144.84,16440,stock
2023-10-31,LSL,145.0,145.97,148.89,145.0,10749,stock
2023-11-01,LSL,146.46,146.46,147.19,145.65,31606,stock
2023-11-02,LSL,146.46,145.49,146.46,145.41,24610,stock
2023-11-05,LSL,144.03,142.82,144.84,142.57,89123,stock
2023-11-06,LSL,142.82,142.41,144.03,141.6,53508,stock
2023-11-07,LSL,141.68,140.79,142.82,140.79,17380,stock
2023-11-08,LSL,140.07,139.98,140.79,139.98,18290,stock
2023-11-09,LSL,139.26,142.33,144.44,139.26,16602,stock
2023-11-20,LSL,143.95,142.01,145.73,141.68,19678,stock
2023-11-21,LSL,142.01,141.6,144.03,139.74,26409,stock
2023-11-22,LSL,139.26,142.01,142.74,139.26,25255,stock
2023-11-23,LSL,140.15,142.01,143.63,140.15,13447,stock
2023-11-26,LSL,139.58,149.69,150.5,139.58,56254,stock
2023-11-27,LSL,148.08,147.43,149.69,144.44,18386,stock
2023-11-28,LSL,144.52,148.8,149.69,141.68,30258,stock
2023-11-29,LSL,148.8,147.19,148.89,145.65,15928,stock
2023-11-30,LSL,146.46,143.71,147.67,143.71,24594,stock
2023-12-03,LSL,141.93,144.84,144.84,141.85,27169,stock
2023-12-04,LSL,144.03,143.22,144.84,142.65,15845,stock
2023-12-05,LSL,141.6,144.03,144.03,141.6,9493,stock
2023-12-06,LSL,142.41,142.82,144.44,142.41,5697,stock
2023-12-07,LSL,142.9,143.3,146.46,141.93,17178,stock
2023-12-10,LSL,143.22,149.69,149.69,143.22,565,stock
2023-12-11,LSL,150.1,148.89,150.5,144.03,117629,stock
2023-12-12,LSL,148.24,154.95,155.03,148.16,148120,stock
2023-12-13,LSL,156.9,157.54,160.21,154.55,415154,stock
2023-12-14,LSL,157.79,156.17,159.4,154.55,83971,stock
2023-12-17,LSL,153.09,155.2,156.17,150.5,96886,stock
2023-12-18,LSL,158.27,161.67,161.83,156.25,476836,stock
2023-12-19,LSL,164.26,165.07,166.69,159.57,250778,stock
2023-12-20,LSL,166.04,165.88,167.66,165.07,129858,stock
2023-12-21,LSL,168.31,161.83,168.31,161.1,170428,stock
2023-12-24,LSL,161.02,159.08,161.91,159.0,76205,stock
2023-12-27,LSL,157.79,157.54,160.86,156.98,68271,stock
2023-12-28,LSL,157.79,156.33,158.51,155.2,78764,stock
2024-01-01,LSL,155.36,156.01,157.87,155.36,120570,stock
2024-01-02,LSL,154.14,154.14,156.17,153.42,93584,stock
2024-01-03,LSL,154.14,157.22,157.38,154.14,93441,stock
2024-01-04,LSL,154.11,153.25,156.71,152.55,70541,stock
2024-01-07,LSL,152.38,147.19,153.25,147.19,84360,stock
2024-01-08,LSL,148.92,147.19,150.13,146.23,64503,stock
2024-01-09,LSL,148.92,150.3,150.3,147.19,61217,stock
2024-01-10,LSL,147.36,150.65,155.41,147.36,31998,stock
2024-01-11,LSL,150.39,150.22,153.59,149.44,22177,stock
2024-01-14,LSL,151.52,150.74,152.12,149.44,24133,stock
2024-01-16,LSL,151.52,153.33,156.19,150.65,63063,stock
2024-01-17,LSL,154.11,152.38,156.8,152.03,102563,stock
2024-01-18,LSL,151.17,150.22,152.81,148.14,77290,stock
2024-01-21,LSL,147.36,147.62,149.26,146.49,68558,stock
2024-01-22,LSL,147.19,147.19,148.92,146.58,28571,stock
2024-01-23,LSL,147.19,147.53,148.83,147.19,38558,stock
2024-01-24,LSL,148.92,147.01,148.92,146.49,27241,stock
2024-01-25,LSL,148.48,146.06,151.43,146.06,63299,stock
2024-01-28,LSL,148.05,146.15,151.0,146.15,25082,stock
2024-01-29,LSL,145.45,147.1,148.05,145.45,20162,stock
2024-01-30,LSL,147.19,146.32,147.19,145.89,76418,stock
2024-01-31,LSL,149.18,145.45,150.13,144.76,49143,stock
2024-02-01,LSL,144.59,145.02,147.1,144.59,45369,stock
2024-02-04,LSL,143.72,144.5,146.32,143.72,44650,stock
2024-02-05,LSL,145.45,144.59,145.45,143.29,46188,stock
2024-02-06,LSL,145.45,143.81,145.45,143.72,25585,stock
2024-02-07,LSL,146.67,143.55,146.67,143.38,43163,stock
2024-02-11,LSL,146.32,144.59,147.19,144.59,46023,stock
2024-02-12,LSL,141.73,144.16,147.36,141.73,19583,stock
2024-02-13,LSL,144.16,142.77,144.59,142.6,26983,stock
2024-02-14,LSL,142.77,141.99,144.59,141.99,29859,stock
2024-02-15,LSL,141.99,141.82,142.77,140.09,34027,stock
2024-02-18,LSL,141.13,139.39,141.99,138.53,79692,stock
2024-02-20,LSL,141.47,138.35,141.47,137.23,30815,stock
2024-02-21,LSL,138.53,139.13,141.04,138.44,19150,stock
2024-02-22,LSL,136.8,137.66,141.13,136.8,48780,stock
2024-02-25,LSL,138.53,136.8,139.31,136.36,16123,stock
2024-02-26,LSL,137.58,137.66,138.53,136.02,17843,stock
2024-02-27,LSL,137.66,138.53,139.31,136.45,63348,stock
2024-02-28,LSL,136.1,137.66,138.79,136.1,7700,stock
2024-02-29,LSL,139.31,136.88,139.39,136.8,57766,stock
2024-03-03,LSL,135.93,137.66,138.53,135.93,47890,stock
2024-03-04,LSL,139.65,146.32,146.32,139.65,7662,stock
2024-03-05,LSL,143.81,141.04,145.45,138.61,51273,stock
2024-03-06,LSL,143.81,140.17,143.81,138.53,54162,stock
2024-03-07,LSL,138.53,141.13,142.86,138.53,110503,stock
2024-03-10,LSL,142.86,140.35,142.86,140.35,38069,stock
2024-03-12,LSL,140.35,143.38,143.38,140.35,45451,stock
2024-03-13,LSL,146.15,143.9,146.58,142.86,45742,stock
2024-03-14,LSL,146.75,144.24,146.75,141.13,92378,stock
2024-03-17,LSL,141.39,142.86,145.45,141.39,64208,stock
2024-03-18,LSL,141.99,143.64,144.59,140.35,31417,stock
2024-03-19,LSL,144.59,140.95,144.59,140.95,18437,stock
2024-03-20,LSL,141.13,140.26,142.86,139.48,28382,stock
2024-03-21,LSL,138.61,139.83,140.26,138.61,34621,stock
2024-03-25,LSL,138.53,137.49,139.39,137.49,25144,stock
2024-03-26,LSL,137.66,138.53,138.53,136.36,25939,stock
2024-03-27,LSL,138.53,136.8,140.26,136.8,27390,stock
2024-03-28,LSL,136.8,138.53,145.97,135.93,34077,stock
2024-03-31,LSL,139.39,138.53,139.39,136.62,37329,stock
2024-04-01,LSL,136.1,135.93,136.8,135.84,44858,stock
2024-04-02,LSL,138.61,135.76,138.61,135.06,20541,stock
2024-04-03,LSL,134.29,134.63,136.8,133.77,76632,stock
2024-04-04,LSL,134.29,132.99,135.06,132.99,41147,stock
2024-04-07,LSL,132.47,132.47,133.33,129.87,80734,stock
2024-04-09,LSL,133.77,132.64,134.37,131.34,35484,stock
2024-04-10,LSL,132.47,131.77,134.55,131.77,64615,stock
2024-04-14,LSL,133.68,132.29,133.68,130.74,64956,stock
2024-04-15,LSL,134.2,130.65,134.2,129.87,41865,stock
2024-04-16,LSL,132.81,129.87,132.81,129.0,35532,stock
2024-04-18,LSL,132.29,130.65,132.29,129.09,193160,stock
2024-04-21,LSL,131.6,129.87,131.6,128.05,115866,stock
2024-04-22,LSL,131.6,128.74,131.6,128.14,88133,stock
2024-04-24,LSL,127.27,129.0,129.18,126.41,171328,stock
2024-04-25,LSL,129.0,128.14,130.65,127.27,123175,stock
2024-04-28,LSL,128.14,129.0,130.65,125.63,189465,stock
2024-04-29,LSL,131.52,128.83,131.52,125.54,91888,stock
2024-04-30,LSL,131.34,129.26,131.34,126.32,40473,stock
2024-05-02,LSL,131.77,127.45,131.77,127.27,37629,stock
2024-05-05,LSL,127.27,127.01,129.0,126.49,33271,stock
2024-05-06,LSL,128.14,126.84,128.14,125.45,42484,stock
2024-05-07,LSL,126.41,125.71,127.97,125.54,28786,stock
2024-05-08,LSL,125.54,125.45,126.41,125.02,35908,stock
2024-05-09,LSL,125.54,126.58,126.58,124.33,39228,stock
2024-05-12,LSL,129.09,126.84,129.09,124.5,60782,stock
2024-05-13,LSL,125.54,133.25,139.48,124.94,108247,stock
2024-05-14,LSL,131.6,135.84,135.84,129.87,110289,stock
2024-05-15,LSL,136.71,133.33,136.71,131.77,63913,stock
2024-05-16,LSL,135.93,135.93,141.73,132.47,98545,stock
2024-05-19,LSL,138.61,140.26,142.77,135.93,190155,stock
2024-05-20,LSL,142.25,144.33,150.13,140.26,212691,stock
2024-05-21,LSL,142.86,145.89,147.36,142.86,86232,stock
2024-05-22,LSL,145.89,148.92,153.25,143.9,229648,stock
2024-05-26,LSL,148.92,147.19,151.43,145.97,146968,stock
2024-05-27,LSL,148.05,145.89,148.83,141.99,126339,stock
2024-05-29,LSL,148.05,141.56,148.74,141.21,113464,stock
2024-05-30,LSL,141.99,136.8,144.33,135.84,142419,stock
2024-06-02,LSL,139.39,141.13,143.46,137.92,73570,stock
2024-06-03,LSL,142.42,142.86,142.86,138.18,145466,stock
2024-06-04,LSL,142.86,141.21,142.86,140.26,90305,stock
2024-06-05,LSL,141.13,140.78,141.99,138.53,218223,stock
2024-06-06,LSL,142.16,138.87,142.16,135.93,135211,stock
2024-06-09,LSL,141.65,135.5,141.65,135.41,48563,stock
2024-06-10,LSL,138.18,135.93,138.18,134.2,38341,stock
2024-06-11,LSL,138.61,138.1,138.61,131.86,202222,stock
2024-06-12,LSL,138.7,138.53,140.17,137.66,180048,stock
2024-06-13,LSL,135.93,138.53,139.39,135.93,60320,stock
2024-06-16,LSL,139.39,136.8,139.39,135.93,40901,stock
2024-06-18,LSL,135.93,134.03,138.44,131.6,321379,stock
2024-06-19,LSL,134.2,133.77,134.98,132.21,72361,stock
2024-06-20,LSL,136.36,134.03,136.36,132.38,52629,stock
2024-06-23,LSL,132.47,133.77,134.2,132.47,44889,stock
2024-06-24,LSL,133.33,135.06,135.06,131.6,51883,stock
2024-06-25,LSL,132.38,132.47,135.06,129.87,183647,stock
2024-06-26,LSL,132.47,129.09,132.47,129.0,172190,stock
2024-06-27,LSL,131.43,130.74,131.43,128.92,35453,stock
2024-06-30,LSL,129.87,129.78,131.6,128.48,62032,stock
2024-07-01,LSL,129.87,132.47,134.55,127.88,106683,stock
2024-07-02,LSL,135.06,135.58,144.59,134.2,161736,stock
2024-07-03,LSL,136.8,138.44,138.53,132.99,131440,stock
2024-07-04,LSL,137.66,139.74,140.26,135.76,96110,stock
2024-07-07,LSL,141.82,139.91,141.9,137.32,69151,stock
2024-07-08,LSL,141.56,138.96,141.56,138.53,81272,stock
2024-07-09,LSL,138.53,140.26,140.43,136.97,94437,stock
2024-07-10,LSL,143.03,142.86,143.03,139.39,72499,stock
2024-07-11,LSL,142.86,145.37,147.19,142.86,121786,stock
2024-07-14,LSL,148.23,153.25,154.11,145.45,287328,stock
2024-07-15,LSL,155.84,151.52,155.84,150.22,360456,stock
2024-07-16,LSL,153.25,156.71,158.01,149.09,208799,stock
2024-07-17,LSL,158.87,161.04,161.04,156.28,464668,stock
2024-07-18,LSL,162.34,174.46,177.14,161.39,783753,stock
2024-07-21,LSL,174.89,180.95,182.68,169.7,681038,stock
2024-07-22,LSL,181.82,179.22,183.55,176.19,1032557,stock
2024-07-23,LSL,178.35,186.67,187.19,175.76,962650,stock
2024-07-24,LSL,187.01,186.15,195.41,183.29,889743,stock
2024-07-25,LSL,186.15,190.65,191.34,183.72,708291,stock
2024-07-28,LSL,194.46,209.7,209.7,194.46,896490,stock
2024-07-29,LSL,213.85,205.19,221.65,204.33,897894,stock
2024-07-30,LSL,209.26,203.46,209.26,190.48,500269,stock
2024-07-31,LSL,203.64,209.44,213.85,200.95,539047,stock
2024-08-01,LSL,205.28,204.76,210.39,203.55,326907,stock
2024-08-05,LSL,208.83,204.33,217.14,204.33,402573,stock
2024-08-06,LSL,206.06,194.81,206.06,190.91,534970,stock
2024-08-07,LSL,191.34,199.13,203.9,187.62,292001,stock
2024-08-08,LSL,201.04,195.67,203.03,195.06,195818,stock
2024-08-11,LSL,199.13,204.33,207.53,196.8,432006,stock
2024-08-12,LSL,207.79,212.38,216.19,205.19,627519,stock
2024-08-13,LSL,213.16,216.88,219.48,211.77,558711,stock
2024-08-14,LSL,216.45,223.72,223.72,212.21,373084,stock
2024-08-15,LSL,228.14,240.69,246.06,227.71,991300,stock
2024-08-18,LSL,242.42,244.16,253.68,239.48,878405,stock
2024-08-21,LSL,246.75,243.9,259.74,238.1,592121,stock
2024-08-22,LSL,243.29,245.45,251.95,243.29,422295,stock
2024-08-25,LSL,245.45,237.23,249.35,235.5,503907,stock
2024-08-27,LSL,241.9,221.73,241.9,221.73,565103,stock
2024-08-28,LSL,225.11,224.24,233.77,220.87,348376,stock
2024-08-29,LSL,225.97,221.3,228.57,220.0,189462,stock
2024-09-01,LSL,221.21,214.63,223.38,210.74,255196,stock
2024-09-02,LSL,212.29,223.38,225.11,212.29,346142,stock
2024-09-03,LSL,225.11,224.24,228.57,220.78,231265,stock
2024-09-04,LSL,228.66,217.32,228.66,215.58,151395,stock
2024-09-05,LSL,220.78,212.38,220.78,210.39,208144,stock
2024-09-08,LSL,212.38,209.7,217.23,209.52,265451,stock
2024-09-09,LSL,208.66,204.33,209.61,203.38,184825,stock
2024-09-10,LSL,206.06,206.93,212.12,204.33,327557,stock
2024-09-11,LSL,208.31,205.28,209.26,203.55,66343,stock
2024-09-12,LSL,203.46,207.79,211.26,203.46,132576,stock
2024-09-15,LSL,208.66,205.19,216.02,203.72,155813,stock
2024-09-16,LSL,201.13,203.46,206.93,200.26,139652,stock
2024-09-18,LSL,206.93,206.93,208.66,199.13,146204,stock
2024-09-22,LSL,211.0,207.71,215.06,205.37,98344,stock
2024-09-23,LSL,211.77,203.46,211.77,201.73,107477,stock
2024-09-24,LSL,206.06,200.87,206.93,199.74,166343,stock
2024-09-25,LSL,204.33,204.85,204.85,198.61,270167,stock
2024-09-26,LSL,205.19,200.87,206.06,199.13,242423,stock
2024-09-29,LSL,199.13,202.6,203.12,197.92,81843,stock
2024-09-30,LSL,202.6,203.81,203.81,199.22,72121,stock
2024-10-01,LSL,206.49,211.43,212.12,204.59,216231,stock
2024-10-02,LSL,213.85,209.09,215.58,207.79,100224,stock
2024-10-06,LSL,211.69,216.36,217.23,207.79,207180,stock
2024-10-07,LSL,219.05,220.09,223.55,216.45,259949,stock
2024-10-08,LSL,219.91,218.53,224.24,217.23,178010,stock
2024-10-09,LSL,220.78,219.05,220.78,216.1,160605,stock
2024-10-15,LSL,220.78,222.94,225.02,218.35,79435,stock
2024-10-16,LSL,225.11,231.69,232.47,223.38,205250,stock
2024-10-17,LSL,233.77,231.17,238.01,228.57,260590,stock
2024-10-20,LSL,229.44,230.13,235.41,225.97,262307,stock
2024-10-21,LSL,226.84,223.72,228.57,223.38,174186,stock
2024-10-22,LSL,220.87,224.24,227.62,220.43,146447,stock
2024-10-23,LSL,228.66,219.48,235.5,219.05,295592,stock
2024-10-24,LSL,215.67,213.77,218.7,212.12,104393,stock
2024-10-27,LSL,211.43,211.26,212.99,207.79,144307,stock
2024-10-28,LSL,208.05,211.26,213.42,208.05,59481,stock
2024-10-29,LSL,213.85,217.32,220.69,211.26,108375,stock
2024-10-30,LSL,219.91,213.85,219.91,213.68,77380,stock
2024-11-05,LSL,214.81,211.86,216.45,211.43,48951,stock
2024-11-06,LSL,210.39,210.48,212.12,208.66,42923,stock
2024-11-10,LSL,210.48,215.06,215.5,210.48,103121,stock
2024-11-11,LSL,216.45,222.68,235.67,216.45,308482,stock
2024-11-12,LSL,218.27,228.57,235.76,218.27,725835,stock
2024-11-13,LSL,224.24,224.24,237.23,222.51,274999,stock
2024-11-14,LSL,224.24,225.11,230.56,219.05,335807,stock
2024-11-17,LSL,227.71,229.52,232.03,220.87,543976,stock
2024-11-19,LSL,231.95,223.38,231.95,220.78,163276,stock
2024-11-20,LSL,219.31,219.91,227.79,219.31,185285,stock
2024-11-21,LSL,219.91,216.45,222.08,216.45,145187,stock
2024-11-24,LSL,220.78,214.72,220.78,213.07,104941,stock
2024-11-25,LSL,218.96,218.1,218.96,213.85,69630,stock
2024-11-26,LSL,222.42,221.3,223.38,215.67,71152,stock
2024-11-27,LSL,225.71,222.42,225.71,220.0,81266,stock
2024-11-28,LSL,222.42,218.35,223.38,218.35,95448,stock
2024-12-01,LSL,222.68,214.72,222.68,212.99,281410,stock
2024-12-02,LSL,218.96,213.85,218.96,213.33,115598,stock
2024-12-03,LSL,218.1,214.72,218.1,212.99,94863,stock
2024-12-04,LSL,218.96,212.99,218.96,211.34,73858,stock
2024-12-05,LSL,212.99,210.3,212.99,207.97,104483,stock
2024-12-08,LSL,209.52,206.93,213.85,205.19,114624,stock
2024-12-09,LSL,207.79,204.33,209.52,202.6,72915,stock
2024-12-10,LSL,205.19,204.33,206.06,202.6,65075,stock
2024-12-11,LSL,206.06,210.39,211.95,202.6,85829,stock
2024-12-12,LSL,214.55,206.06,214.55,205.19,68278,stock
2024-12-16,LSL,203.55,201.13,206.06,201.13,102172,stock
2024-12-17,LSL,203.38,203.46,206.49,199.48,72330,stock
2024-12-18,LSL,205.19,203.46,205.19,201.73,47485,stock
2024-12-19,LSL,201.82,202.6,204.24,201.65,66990,stock
2024-12-22,LSL,198.61,201.73,203.81,195.84,98732,stock
2024-12-23,LSL,203.46,201.73,203.81,200.87,97252,stock
2024-12-24,LSL,203.9,201.73,204.33,200.87,85464,stock
2024-12-26,LSL,200.87,205.19,211.95,200.35,316738,stock
2024-12-29,LSL,207.1,206.93,211.95,206.06,179127,stock
2024-12-31,LSL,206.93,204.33,209.52,201.9,190490,stock
2025-01-01,LSL,204.09,201.36,204.09,200.91,79850,stock
2025-01-02,LSL,201.36,200.0,201.36,198.91,103435,stock
2025-01-05,LSL,197.27,198.18,200.0,196.36,99782,stock
2025-01-06,LSL,195.73,200.45,201.64,195.45,105932,stock
2025-01-07,LSL,202.27,201.64,202.64,198.36,145291,stock
2025-01-08,LSL,205.64,200.91,205.64,199.55,54543,stock
2025-01-09,LSL,197.55,197.82,200.91,197.27,66368,stock
2025-01-12,LSL,201.73,196.27,201.73,194.55,43643,stock
2025-01-13,LSL,197.55,192.82,197.55,192.64,88995,stock
2025-01-15,LSL,193.64,190.82,194.55,190.36,72100,stock
2025-01-16,LSL,190.91,190.82,193.64,190.09,43950,stock
2025-01-19,LSL,193.55,189.09,193.55,187.27,108348,stock
2025-01-20,LSL,191.91,190.45,194.0,190.45,67967,stock
2025-01-21,LSL,189.09,188.73,190.0,187.45,30124,stock
2025-01-22,LSL,188.18,192.73,193.64,188.18,65919,stock
2025-01-23,LSL,194.45,190.09,196.36,190.09,77399,stock
2025-01-26,LSL,186.36,188.82,191.64,186.36,55559,stock
2025-01-27,LSL,187.36,187.73,190.0,186.82,46356,stock
2025-01-28,LSL,187.36,189.09,190.91,187.27,166646,stock
2025-02-02,LSL,188.18,194.27,195.18,188.18,339418,stock
2025-02-03,LSL,196.36,197.0,202.73,195.45,169647,stock
2025-02-04,LSL,199.91,196.36,201.82,195.73,115920,stock
2025-02-05,LSL,198.27,195.45,198.27,195.45,79060,stock
2025-02-06,LSL,195.45,194.27,196.36,193.64,67796,stock
2025-02-09,LSL,190.45,196.82,200.27,190.45,225213,stock
2025-02-10,LSL,197.27,197.45,202.91,195.45,159070,stock
2025-02-11,LSL,199.09,196.36,202.27,195.91,195362,stock
2025-02-12,LSL,199.09,197.27,201.73,196.36,68232,stock
2025-02-13,LSL,199.36,199.09,203.27,195.45,113835,stock
2025-02-16,LSL,200.91,199.55,200.91,198.18,83510,stock
2025-02-17,LSL,201.36,205.09,207.82,199.09,266980,stock
2025-02-18,LSL,209.18,206.36,212.64,205.82,250848,stock
2025-02-20,LSL,209.09,207.73,209.09,206.36,117823,stock
2025-02-23,LSL,203.64,211.82,215.0,201.82,260209,stock
2025-02-24,LSL,214.18,212.73,216.36,211.82,127743,stock
2025-02-25,LSL,214.82,210.0,214.82,208.73,104773,stock
2025-02-27,LSL,214.18,211.36,222.55,211.36,265931,stock
2025-03-02,LSL,215.55,218.09,218.18,214.55,205026,stock
2025-03-03,LSL,220.0,214.09,220.0,212.73,216182,stock
2025-03-04,LSL,209.82,211.55,216.36,209.82,199406,stock
2025-03-05,LSL,213.82,213.64,213.82,208.27,148430,stock
2025-03-06,LSL,213.55,211.82,213.73,210.45,63490,stock
2025-03-09,LSL,210.0,208.09,210.73,206.45,87187,stock
2025-03-10,LSL,204.73,206.36,210.91,204.73,84266,stock
2025-03-11,LSL,207.73,203.55,210.36,202.73,100205,stock
2025-03-12,LSL,204.55,207.27,208.55,203.64,131493,stock
2025-03-16,LSL,209.09,202.73,209.09,201.82,63139,stock
2025-03-17,LSL,201.82,203.64,210.91,200.45,75564,stock
2025-03-18,LSL,207.64,205.45,207.64,200.09,54418,stock
2025-03-19,LSL,205.45,201.18,205.91,200.45,157618,stock
2025-03-20,LSL,202.64,199.77,202.64,199.09,197055,stock
2025-03-23,LSL,198.27,196.06,200.0,195.45,174636,stock
2025-03-24,LSL,192.18,197.1,197.27,192.18,48592,stock
2025-03-25,LSL,201.0,196.32,201.0,193.64,103090,stock
2025-03-26,LSL,198.18,197.09,199.09,194.27,98613,stock
2025-03-27,LSL,201.0,199.55,201.0,193.82,103403,stock
2025-03-30,LSL,200.0,202.85,207.27,196.36,114621,stock
2025-04-01,LSL,199.18,202.53,204.09,199.18,71392,stock
2025-04-02,LSL,206.55,201.86,206.55,199.09,40471,stock
2025-04-03,LSL,203.55,204.42,208.0,200.0,155559,stock
2025-04-07,LSL,206.36,201.05,206.36,200.36,37093,stock
2025-04-08,LSL,198.55,199.68,201.82,196.91,47765,stock
2025-04-09,LSL,199.68,198.16,201.82,197.73,27910,stock
2025-04-10,LSL,200.0,197.92,201.82,196.73,389609,stock
2025-04-13,LSL,199.09,198.1,199.91,196.64,145331,stock
2025-04-15,LSL,202.0,198.61,202.0,196.36,145888,stock
2025-04-16,LSL,202.55,202.26,202.73,197.0,126738,stock
2025-04-17,LSL,204.45,203.32,204.55,200.27,88322,stock
2025-04-20,LSL,205.45,196.65,205.45,195.45,161304,stock
2025-04-21,LSL,198.73,195.55,198.73,195.18,80096,stock
2025-04-22,LSL,195.45,194.3,196.36,192.73,54869,stock
2025-04-23,LSL,191.82,191.0,195.45,189.09,143319,stock
2025-04-24,LSL,191.0,190.22,193.64,187.09,137774,stock
2025-04-27,LSL,190.91,196.65,202.09,189.18,472700,stock
2025-04-28,LSL,198.18,189.92,198.18,188.91,149774,stock
2025-04-29,LSL,190.0,190.49,195.64,189.09,54991,stock
2025-04-30,LSL,192.45,188.19,192.45,186.27,200727,stock
2025-05-04,LSL,190.0,186.52,190.91,185.55,96315,stock
2025-05-05,LSL,186.36,187.21,190.91,183.64,121080,stock
2025-05-06,LSL,186.36,186.5,189.09,185.73,64522,stock
2025-05-07,LSL,186.36,192.06,194.73,182.73,102229,stock
2025-05-08,LSL,194.0,191.16,194.0,188.36,138333,stock
2025-05-11,LSL,187.36,188.01,194.82,187.36,48216,stock
2025-05-13,LSL,190.82,188.23,190.82,186.64,79656,stock
2025-05-14,LSL,186.36,185.93,188.18,184.55,57086,stock
2025-05-15,LSL,185.45,186.65,188.45,183.64,71921,stock
2025-05-18,LSL,183.73,185.21,189.0,183.73,83156,stock
2025-05-19,LSL,187.27,188.88,189.82,185.55,48845,stock
2025-05-20,LSL,189.09,194.43,194.73,186.36,189153,stock
2025-05-21,LSL,198.27,194.19,206.18,193.91,213965,stock
2025-05-22,LSL,190.91,203.78,205.45,190.91,428568,stock
2025-05-25,LSL,204.55,202.6,208.18,198.64,288762,stock
2025-05-26,LSL,204.55,202.96,210.0,200.0,193714,stock
2025-05-27,LSL,202.73,205.79,206.55,198.91,210967,stock
2025-05-28,LSL,208.18,211.48,213.64,203.0,297417,stock
2025-06-02,LSL,213.64,207.41,214.18,206.36,274233,stock
2025-06-03,LSL,210.0,199.35,210.0,198.73,153478,stock
2025-06-04,LSL,195.45,199.06,200.36,195.45,149495,stock
2025-06-05,LSL,197.27,198.76,201.82,196.45,152971,stock
2025-06-08,LSL,200.0,195.01,200.0,193.64,67185,stock
2025-06-09,LSL,194.55,196.7,198.18,192.36,83690,stock
2025-06-10,LSL,195.45,199.87,200.91,195.45,97147,stock
2025-06-11,LSL,200.0,197.34,200.0,195.45,99644,stock
2025-06-12,LSL,195.73,194.56,197.27,193.73,69252,stock
2025-06-15,LSL,196.36,192.39,196.36,192.09,60412,stock
2025-06-16,LSL,191.0,193.85,196.82,191.0,69304,stock
2025-06-17,LSL,192.82,191.43,193.64,190.55,115123,stock
2025-06-18,LSL,192.73,194.15,195.45,192.73,39056,stock
2025-06-19,LSL,198.0,192.74,198.0,191.18,65999,stock
2025-06-22,LSL,190.91,189.49,194.82,189.18,92452,stock
2025-06-23,LSL,187.27,189.28,190.82,187.27,19613,stock
2025-06-24,LSL,190.91,192.45,193.73,189.09,131562,stock
2025-06-25,LSL,192.73,191.14,196.27,187.18,142492,stock
2025-06-26,LSL,187.91,189.9,192.36,187.91,55712,stock
2025-06-29,LSL,189.09,193.65,196.36,189.09,132930,stock
2025-06-30,LSL,197.45,196.94,198.18,191.82,112386,stock
2025-07-01,LSL,195.55,198.5,199.09,193.64,64150,stock
2025-07-02,LSL,200.0,202.47,203.64,197.0,196530,stock
2025-07-03,LSL,206.45,202.26,206.45,198.18,105381,stock
2025-07-06,LSL,198.27,200.66,203.91,198.27,72146,stock
2025-07-07,LSL,204.64,199.55,204.64,199.09,110007,stock
2025-07-08,LSL,196.82,197.45,200.0,196.82,33553,stock
2025-07-09,LSL,196.45,202.88,204.55,196.36,151506,stock
2025-07-10,LSL,204.55,211.97,214.09,204.55,564729,stock
2025-07-13,LSL,216.18,214.55,220.0,213.18,582327,stock
2025-07-14,LSL,215.45,206.25,215.45,205.18,404574,stock
2025-07-15,LSL,208.18,211.91,214.0,206.36,340104,stock
2025-07-16,LSL,215.91,217.04,222.27,212.73,481933,stock
2025-07-17,LSL,219.09,219.89,222.0,216.36,415163,stock
2025-07-20,LSL,215.55,214.8,222.45,213.82,380216,stock
2025-07-21,LSL,213.64,217.55,220.82,211.82,318144,stock
2025-07-22,LSL,221.64,221.78,224.55,218.45,427655,stock
2025-07-23,LSL,217.36,223.08,227.18,217.36,464715,stock
2025-07-24,LSL,224.55,222.15,224.55,219.18,162378,stock
2025-07-27,LSL,220.0,217.86,223.64,216.36,325368,stock
2025-07-28,LSL,219.09,222.72,223.45,214.73,336609,stock
2025-07-29,LSL,225.45,223.09,229.09,221.82,452745,stock
2025-07-30,LSL,227.27,220.28,229.0,220.09,177331,stock
2025-07-31,LSL,224.55,216.82,224.55,215.45,214003,stock
2025-08-03,LSL,216.82,212.75,217.27,212.27,141886,stock
2025-08-04,LSL,215.36,217.76,227.27,210.27,140323,stock
2025-08-05,LSL,220.0,215.03,220.0,214.55,165279,stock
2025-08-06,LSL,213.64,214.49,217.18,213.64,60661,stock
2025-08-07,LSL,216.91,215.22,216.91,213.73,92971,stock
2025-08-11,LSL,219.45,214.79,219.45,214.09,162799,stock
2025-08-12,LSL,214.55,212.86,215.45,211.91,65928,stock
2025-08-13,LSL,212.36,208.55,214.64,207.82,107992,stock
2025-08-14,LSL,211.73,212.53,215.0,210.91,764681,stock
2025-08-17,LSL,212.73,212.91,218.18,211.91,142929,stock
2025-08-18,LSL,210.18,214.44,216.36,210.18,86563,stock
2025-08-19,LSL,218.18,213.53,218.18,211.09,61687,stock
2025-08-20,LSL,211.09,215.18,216.36,211.09,104809,stock
2025-08-21,LSL,213.64,215.25,216.73,213.18,425259,stock
2025-08-24,LSL,214.55,212.09,217.27,211.0,78665,stock
2025-08-25,LSL,210.64,214.04,214.55,209.09,63273,stock
2025-08-26,LSL,211.0,214.15,215.36,211.0,66292,stock
2025-08-27,LSL,218.36,216.35,218.36,211.82,105756,stock
2025-08-28,LSL,213.64,213.41,216.82,213.18,73425,stock
2025-08-31,LSL,215.36,211.23,215.45,210.91,104250,stock
2025-09-01,LSL,215.36,212.84,215.36,209.09,206207,stock
2025-09-02,LSL,217.09,211.16,217.09,210.0,122501,stock
2025-09-03,LSL,207.0,212.05,215.91,207.0,98326,stock
2025-09-04,LSL,207.82,213.31,213.64,207.82,84449,stock
2025-09-07,LSL,209.09,211.95,213.64,209.09,414413,stock
2025-09-08,LSL,207.73,209.61,212.55,207.73,73409,stock
2025-09-18,LSL,205.45,199.09,205.45,193.64,7921,stock
2025-09-21,LSL,195.45,209.86,210.45,195.45,107158,stock
2025-09-23,LSL,209.09,210.82,211.36,205.73,77328,stock
2025-09-24,LSL,213.18,209.91,213.18,206.73,132557,stock
2025-09-25,LSL,208.18,209.09,210.0,206.64,99514,stock
2025-09-28,LSL,210.0,210.91,211.82,208.55,52268,stock
2025-10-07,LSL,208.18,207.27,209.09,204.09,90622,stock
2025-10-08,LSL,204.64,199.64,207.27,199.64,177356,stock
2025-10-09,LSL,203.55,201.82,211.55,201.82,90909,stock
2025-10-12,LSL,200.91,197.27,204.55,195.45,91781,stock
2025-10-13,LSL,200.91,198.36,200.91,193.82,523233,stock
2025-10-14,LSL,197.27,197.73,199.09,197.27,43147,stock
2025-10-15,LSL,199.09,197.09,199.09,194.55,47441,stock
2025-10-16,LSL,199.09,197.27,199.09,195.73,37330,stock
2025-10-19,LSL,197.27,199.09,199.91,196.36,21553,stock
2025-10-26,LSL,195.45,195.82,199.36,195.36,67880,stock
2025-10-28,LSL,197.73,201.64,201.82,197.0,70704,stock
2025-10-29,LSL,203.55,201.82,203.64,200.0,92365,stock
2025-10-30,LSL,198.18,203.55,204.55,198.18,65435,stock
2025-11-02,LSL,207.55,203.73,207.55,200.91,68539,stock
2025-11-03,LSL,206.36,202.36,206.36,201.82,58649,stock
2025-11-04,LSL,205.45,203.64,205.45,201.18,52825,stock
2025-11-05,LSL,201.55,206.0,206.0,200.91,122226,stock
2025-11-06,LSL,203.09,206.82,207.91,203.09,76315,stock
2025-11-09,LSL,206.27,200.64,206.27,200.55,135961,stock
2025-11-10,LSL,204.64,198.73,204.64,198.0,102853,stock
2025-11-11,LSL,200.91,198.18,200.91,196.82,102253,stock
2025-11-12,LSL,196.09,198.0,200.0,196.09,29363,stock
2025-11-13,LSL,194.09,200.0,201.73,194.09,58617,stock
2025-11-16,LSL,200.0,202.73,203.0,196.45,67805,stock
2025-11-17,LSL,206.73,205.09,206.91,203.73,434166,stock
2025-11-18,LSL,206.36,207.64,208.0,204.55,182877,stock
2025-11-19,LSL,207.73,209.55,209.55,206.36,153771,stock
2025-11-20,LSL,209.09,208.73,209.45,206.82,124505,stock
2025-11-23,LSL,210.91,210.91,212.09,208.27,129845,stock
2025-11-24,LSL,212.55,213.64,214.55,211.27,125868,stock
2025-11-25,LSL,213.64,213.36,216.36,212.73,134167,stock
2025-11-26,LSL,215.45,213.82,216.91,211.64,104837,stock
2025-11-27,LSL,213.82,216.27,218.18,213.82,297987,stock
2025-11-30,LSL,218.18,214.09,218.18,212.09,245303,stock
2025-12-01,LSL,216.36,210.91,216.36,208.55,439831,stock
2025-12-02,LSL,210.09,212.18,214.55,210.0,76549,stock
2025-12-03,LSL,209.09,210.91,215.45,208.27,114086,stock
2025-12-07,LSL,212.73,211.82,212.73,209.64,125423,stock
2025-12-08,LSL,210.91,210.91,211.36,209.09,129868,stock
2025-12-09,LSL,209.36,205.45,212.64,204.09,489503,stock
2025-12-10,LSL,204.55,208.45,209.09,204.55,115530,stock
2025-12-11,LSL,209.09,210.27,210.82,207.36,112001,stock
2025-12-14,LSL,214.45,210.82,214.45,209.09,154595,stock
2025-12-15,LSL,215.0,213.64,215.0,209.36,607358,stock
2025-12-16,LSL,214.0,212.7,214.0,209.0,110704,stock
2025-12-17,LSL,212.0,213.9,213.9,210.0,38395,stock
2025-12-18,LSL,214.6,215.0,216.0,211.0,74975,stock
2025-12-21,LSL,215.9,211.5,215.9,211.0,43180,stock
2025-12-22,LSL,215.0,213.1,215.0,208.4,45434,stock
2025-12-23,LSL,214.0,212.0,214.0,208.0,42683,stock
2025-12-24,LSL,211.9,210.0,211.9,209.0,47218,stock
2025-12-28,LSL,212.0,213.1,214.2,210.5,42563,stock
2025-12-29,LSL,217.3,212.3,217.3,212.1,47809,stock
2025-12-31,LSL,212.4,215.0,215.0,212.0,54149,stock
2026-01-01,LSL,212.0,212.9,214.9,212.0,38855,stock
2026-01-04,LSL,211.0,213.8,213.8,209.2,34593,stock
2026-01-05,LSL,213.9,213.5,214.0,210.1,27729,stock
2026-01-06,LSL,214.0,214.2,214.4,212.1,71212,stock
2026-01-07,LSL,212.2,213.7,216.5,212.2,35425,stock
2026-01-08,LSL,209.5,214.2,216.5,209.5,27228,stock
2026-01-12,LSL,213.0,214.9,217.5,213.0,59133,stock
2026-01-13,LSL,215.0,215.0,216.2,212.4,46963,stock
2026-01-14,LSL,217.0,216.5,217.0,212.7,93032,stock
2026-01-18,LSL,217.0,217.0,218.4,213.5,84325,stock
2026-01-20,LSL,219.9,221.0,222.0,217.5,164154,stock
2026-01-21,LSL,222.0,219.0,222.0,217.0,111044,stock
2026-01-22,LSL,223.3,219.5,223.3,217.7,50893,stock
2026-01-25,LSL,223.5,223.0,223.9,218.0,102628,stock
2026-01-26,LSL,225.0,220.6,225.0,220.0,104028,stock
2026-01-27,LSL,220.5,218.5,221.0,217.0,72805,stock
2026-01-28,LSL,221.0,219.9,221.0,216.0,41714,stock
2026-01-29,LSL,216.0,215.8,216.8,212.0,162275,stock
2026-02-01,LSL,213.0,212.9,213.5,210.0,63777,stock
2026-02-02,LSL,217.1,212.3,217.1,209.1,89040,stock
2026-02-03,LSL,210.5,209.0,213.2,208.6,40427,stock
2026-02-04,LSL,210.5,208.6,210.5,208.0,48333,stock
2026-02-05,LSL,211.6,209.0,211.6,207.0,54196,stock
2026-02-08,LSL,210.0,208.9,212.0,207.1,56666,stock
2026-02-09,LSL,210.0,208.0,210.0,207.6,36757,stock
2026-02-10,LSL,207.0,207.5,208.0,206.0,52519,stock
2026-02-11,LSL,210.0,205.6,210.0,205.0,68870,stock
2026-02-12,LSL,209.7,207.0,209.7,205.1,53728,stock
2026-02-16,LSL,209.0,207.5,209.0,205.6,68971,stock
2026-02-17,LSL,211.5,206.4,211.5,205.2,58722,stock
2026-02-22,LSL,209.0,204.5,209.0,203.5,65136,stock
2026-02-23,LSL,204.5,204.0,206.8,203.1,18925,stock
2026-02-24,LSL,203.0,205.0,208.0,203.0,25509,stock
2026-02-25,LSL,207.0,206.4,207.0,204.0,25955,stock
2026-02-26,LSL,210.5,209.9,210.5,205.1,26165,stock
2026-03-01,LSL,214.0,210.0,214.0,206.0,90432,stock
2026-03-03,LSL,214.2,214.0,214.2,210.0,91404,stock
2026-03-09,LSL,218.2,226.0,227.0,218.2,3550,stock
2026-03-10,LSL,230.5,222.9,230.5,212.0,318545,stock
2026-03-11,LSL,220.0,218.1,224.0,216.8,103742,stock
2026-03-12,LSL,217.0,224.7,227.0,216.0,239401,stock
2026-03-15,LSL,225.0,224.0,228.0,221.2,230724,stock
2026-03-16,LSL,228.4,220.7,228.4,219.0,98869,stock
2026-03-17,LSL,219.8,222.0,223.0,218.0,107885,stock
2026-03-19,LSL,226.4,231.0,231.0,223.1,462620,stock
2026-03-22,LSL,235.0,237.0,239.5,231.0,507275,stock
2026-03-23,LSL,239.5,237.0,239.5,229.5,384398,stock
2026-03-24,LSL,239.0,240.0,241.2,232.5,486356,stock
2026-03-25,LSL,235.2,233.9,240.0,232.3,352849,stock
2026-03-26,LSL,236.5,235.0,236.5,229.5,301843,stock
2026-03-29,LSL,235.0,224.7,235.0,224.7,379070,stock
2026-03-30,LSL,227.0,220.0,228.0,219.6,221171,stock
2026-03-31,LSL,219.2,221.9,223.0,215.7,116979,stock
2026-04-01,LSL,220.0,214.5,222.8,212.3,205121,stock
2026-04-02,LSL,210.5,214.1,217.5,208.0,82853,stock
2026-04-05,LSL,210.0,207.7,212.9,203.1,344546,stock
2026-04-06,LSL,206.0,217.0,219.6,206.0,170128,stock
2026-04-07,LSL,219.9,215.4,220.8,213.0,98347,stock
2026-04-08,LSL,216.0,217.2,217.7,213.0,81962,stock
2026-04-09,LSL,219.4,220.0,223.7,215.1,200362,stock
2026-04-10,LSL,224.0,218.1,224.0,216.4,94357,stock
2026-04-13,LSL,214.0,215.5,220.0,214.0,90743,stock
2026-04-15,LSL,219.0,221.0,223.0,215.6,142248,stock
2026-04-16,LSL,218.1,217.4,219.5,216.4,110529,stock
2026-04-17,LSL,219.9,217.2,219.9,215.0,59441,stock
2026-04-20,LSL,208.0,215.3,220.0,208.0,44776,stock
2026-04-21,LSL,221.0,214.0,221.0,213.7,55962,stock
2026-04-22,LSL,212.0,216.0,216.0,211.2,101764,stock
2026-04-23,LSL,219.9,215.6,219.9,210.3,59734,stock
2026-04-24,LSL,216.0,215.0,217.8,211.2,94523,stock
2026-04-27,LSL,215.0,219.4,220.0,214.0,85020,stock
2026-04-28,LSL,219.4,218.0,220.0,216.4,108982,stock
2026-04-29,LSL,215.0,217.0,221.0,215.0,62117,stock
2026-04-30,LSL,212.5,216.5,216.5,210.0,106398,stock
2026-05-04,LSL,212.2,213.7,217.0,211.0,58310,stock
2026-05-05,LSL,211.2,214.0,217.5,211.2,79165,stock
2026-05-06,LSL,211.4,215.9,217.0,211.3,36649,stock
2026-05-07,LSL,214.1,216.7,216.9,213.9,24370,stock
2026-05-08,LSL,214.5,216.7,217.4,214.1,22708,stock
2026-05-11,LSL,217.0,220.9,221.0,217.0,42027,stock
2026-05-12,LSL,222.0,218.9,223.0,217.0,98485,stock
2026-05-13,LSL,218.0,216.2,219.9,215.2,30030,stock
2026-05-14,LSL,215.2,219.9,223.9,215.2,73692,stock
2026-05-15,LSL,210.5,219.9,221.8,210.5,117325,stock
2026-05-18,LSL,223.0,223.9,224.8,218.2,131192,stock
2026-05-19,LSL,224.5,224.0,225.0,220.0,84558,stock
2026-05-20,LSL,224.0,226.7,226.7,222.4,167516,stock
2026-05-21,LSL,226.5,223.0,226.5,222.5,44094,stock
2026-05-22,LSL,223.0,225.9,226.3,222.0,120134,stock
2026-05-25,LSL,215.0,225.6,244.0,215.0,89425,stock
2026-05-26,LSL,228.0,225.8,228.0,223.0,80122,stock
2026-05-27,LSL,226.9,225.0,226.9,222.0,124190,stock
2026-06-01,LSL,225.0,222.6,227.8,220.5,153894,stock
2026-06-02,LSL,222.0,226.9,226.9,221.0,111592,stock
2026-06-03,LSL,226.9,223.0,226.9,222.3,81665,stock
2026-06-04,LSL,226.8,222.0,226.8,221.0,90368,stock
2026-06-05,LSL,227.0,221.2,227.0,220.3,70936,stock
2026-06-08,LSL,220.3,219.7,224.0,219.0,106328,stock
2026-06-09,LSL,230.6,218.9,230.6,216.0,106957,stock
2026-06-10,LSL,208.0,217.5,220.6,208.0,38113,stock
2026-06-11,LSL,222.2,217.4,222.2,216.0,27806,stock
2026-06-12,LSL,217.0,218.0,219.0,215.3,34629,stock
2026-06-15,LSL,217.0,219.5,219.9,216.0,1054017,stock
2026-06-16,LSL,229.0,217.0,229.0,217.0,66256,stock
2026-06-17,LSL,208.0,218.0,221.0,208.0,437436,stock
2026-06-18,LSL,217.3,219.0,220.9,216.6,84752,stock
2026-06-19,LSL,218.0,218.0,220.0,216.9,64574,stock
2026-06-22,LSL,220.0,219.0,220.0,216.6,37030,stock
2026-06-23,LSL,219.9,217.0,219.9,216.8,105770,stock
2026-06-24,LSL,227.8,216.4,227.8,215.3,53842,stock
2026-06-25,LSL,215.6,218.0,218.0,215.5,23602,stock
2026-06-26,LSL,218.6,216.3,218.7,216.1,151428,stock
2026-06-29,LSL,205.5,222.0,222.0,205.5,55272,stock
2026-06-30,LSL,222.1,213.6,222.1,212.3,84181,stock
2026-07-01,LSL,215.5,219.0,219.0,212.5,1345112,stock
2026-07-02,LSL,220.0,222.0,223.0,211.5,1917570,stock
2026-07-03,LSL,230.0,221.0,230.0,219.5,292521,stock
2026-07-06,LSL,219.0,215.0,220.9,215.0,99155,stock
2026-07-07,LSL,218.0,220.4,221.0,215.7,76065,stock
2026-07-08,LSL,218.0,218.0,219.9,216.4,32918,stock
2026-07-09,LSL,217.0,217.1,218.6,217.0,61732,stock
2026-07-10,LSL,227.8,218.0,227.8,213.1,100709,stock
2026-07-13,LSL,216.5,215.1,217.0,215.0,67861,stock
2026-07-14,LSL,216.0,214.9,217.3,214.0,212116,stock
2026-07-15,LSL,217.0,215.0,220.0,214.9,53731,stock
2026-07-16,LSL,212.1,215.1,218.4,212.1,81383,stock
2026-07-17,LSL,216.1,222.8,223.0,216.1,20,stock
2026-07-20,LSL,212.0,224.0,226.7,212.0,137613,stock
2026-07-21,LSL,223.0,223.6,227.0,222.2,333917,stock
2026-07-22,LSL,220.0,225.0,225.0,220.0,138502,stock
2026-07-23,LSL,214.0,227.0,227.0,214.0,259236,stock
2026-07-24,LSL,227.0,230.3,230.9,225.3,227090,stock
2026-07-27,LSL,218.8,229.7,235.0,218.8,261979,stock
2026-07-28,LSL,228.9,227.5,230.0,226.7,147788,stock
2026-07-29,LSL,225.4,228.5,230.0,225.2,191885,stock
2026-07-30,LSL,230.0,226.8,230.5,224.9,180338,stock
2026-07-31,LSL,228.5,228.4,228.5,224.0,104988,stock
2026-08-03,LSL,217.0,229.4,232.1,217.0,206249,stock
2026-08-04,LSL,227.2,225.5,229.9,225.5,115489,stock
2026-08-05,LSL,228.5,224.7,229.0,223.5,110032,stock
2026-08-06,LSL,218.0,222.8,227.0,218.0,173938,stock
2026-08-07,LSL,222.0,220.2,222.0,218.6,58669,stock
2026-08-10,LSL,222.5,220.0,222.5,218.0,56723,stock
2026-08-11,LSL,219.0,221.0,222.4,219.0,23733,stock
2026-08-12,LSL,221.1,220.9,223.0,220.0,70498,stock
2026-08-13,LSL,217.7,220.6,223.0,217.7,36922,stock
2026-08-14,LSL,225.0,219.0,225.0,219.0,83780,stock
2026-08-17,LSL,208.1,220.4,221.0,208.1,57124,stock
2026-08-18,LSL,220.0,219.0,220.0,217.1,78182,stock
2026-08-19,LSL,216.5,217.9,220.0,216.5,56190,stock
2026-08-20,LSL,218.0,219.3,220.0,216.8,69495,stock
2026-08-21,LSL,220.0,220.0,221.5,218.2,50702,stock
2026-08-24,LSL,220.0,218.0,220.0,215.3,59957,stock
2026-08-25,LSL,218.0,217.0,219.0,216.7,76286,stock
2026-08-26,LSL,217.8,216.9,217.8,215.0,47922,stock
2026-08-27,LSL,213.1,217.0,218.9,212.0,26219,stock
2026-08-31,LSL,217.0,217.1,217.5,215.1,63898,stock
2026-09-01,LSL,217.5,219.0,220.0,216.0,40394,stock
2026-09-02,LSL,219.0,221.0,221.0,217.0,68290,stock
2026-09-03,LSL,221.3,223.0,225.0,221.3,78161,stock
2026-09-07,LSL,234.1,225.0,234.1,222.4,113537,stock
2026-09-09,LSL,236.2,226.0,236.2,223.3,43166,stock
2026-09-10,LSL,226.0,224.0,227.8,221.2,112172,stock
2026-09-11,LSL,226.5,227.3,228.5,222.0,86278,stock
2026-09-14,LSL,225.1,229.4,231.0,225.0,396536,stock
2026-09-15,LSL,240.8,236.3,240.8,230.5,838214,stock
2026-09-16,LSL,232.2,232.5,236.0,230.9,313812,stock
2026-09-17,LSL,235.0,238.5,239.0,234.1,373392,stock
2026-09-18,LSL,250.4,246.4,250.4,233.1,1107292,stock
2026-09-22,LSL,251.0,250.0,253.9,248.0,693050,stock
2026-09-23,LSL,251.0,245.9,251.7,244.5,761653,stock
2026-09-24,LSL,250.0,250.0,252.0,243.0,554274,stock
2026-09-28,LSL,250.0,250.9,254.7,249.0,382312,stock
2026-09-29,LSL,250.0,252.2,252.8,248.0,474493,stock
2026-09-30,LSL,252.0,253.5,253.5,250.4,463181,stock
2026-10-01,LSL,252.6,258.0,260.0,252.6,504687,stock
2026-10-02,LSL,258.0,254.6,258.3,252.6,412104,stock
2026-10-05,LSL,254.6,252.9,255.0,250.2,171868,stock
